position	A	G	C	T
1	1939	0	0	0
2	0	1939	0	0
3	0	0	1939	0
4	765	1174	0	0
5	1938	0	1	0
6	1938	0	0	1
7	1938	0	0	1
8	0	1937	0	2
9	1	1	1937	0
10	1937	1	1	0
11	0	1937	2	0
12	0	1937	2	0
13	0	3	1933	3
14	1936	0	2	1
15	1928	10	0	1
16	1937	1	0	1
17	0	0	1939	0
18	0	0	1845	94
19	1939	0	0	0
20	0	0	0	1939
21	0	0	0	1939
22	0	1	0	1938
23	0	1939	0	0
24	1938	1	0	0
25	1939	0	0	0
26	0	0	0	1939
27	0	1939	0	0
28	0	1939	0	0
29	1938	1	0	0
30	0	0	11	1928
31	6	1933	0	0
32	0	0	0	1939
33	2	0	1934	3
34	1939	0	0	0
35	1937	1	0	1
36	0	0	348	1591
37	0	0	1939	0
38	0	1	1938	0
39	3	1934	1	1
40	1937	2	0	0
41	0	0	1931	8
42	6	1	63	1869
43	1	0	642	1296
44	0	0	0	1939
45	1877	61	0	1
46	4	0	1934	1
47	0	1	1	1937
48	4	27	90	1818
49	0	0	1	1938
50	0	0	0	1939
51	0	0	1897	42
52	3	0	313	1623
53	1	0	1	1937
54	885	1053	0	1
55	1936	3	0	0
56	1936	3	0	0
57	1758	180	0	1
58	206	1729	0	4
59	0	0	0	1939
60	115	1032	17	775
61	1	1	1937	0
62	1	0	1938	0
63	1901	35	0	3
64	7	1931	0	1
65	0	0	1701	238
66	399	1534	0	6
67	0	0	1939	0
68	1939	0	0	0
69	1894	44	0	1
70	1936	3	0	0
71	1919	20	0	0
72	0	0	25	1914
73	0	1939	0	0
74	0	0	1939	0
75	10	2	883	1044
76	1935	4	0	0
77	0	0	1	1938
78	1937	0	1	1
79	1938	0	0	1
80	0	1938	0	1
81	0	0	1179	760
82	1935	2	1	1
83	0	1	1907	31
84	113	0	1088	738
85	1939	0	0	0
86	0	0	1939	0
87	1682	195	16	46
88	0	0	0	1939
89	0	0	0	1939
90	0	0	1863	76
91	0	0	1939	0
92	0	0	1939	0
93	245	204	48	1442
94	0	0	1	1938
95	1938	0	1	0
96	0	0	453	1486
97	1939	0	0	0
98	0	0	1938	1
99	24	3	64	1848
100	0	1939	0	0
101	1	1938	0	0
102	1857	25	0	57
103	1	1938	0	0
104	1939	0	0	0
105	1	1	456	1481
106	0	0	1939	0
107	0	0	1938	1
108	8	3	349	1579
109	0	0	1939	0
110	0	0	1938	1
111	1839	29	33	38
112	0	0	0	1939
113	1939	0	0	0
114	0	0	1792	147
115	1939	0	0	0
116	0	1939	0	0
117	0	0	1654	285
118	0	0	1939	0
119	1938	1	0	0
120	0	0	23	1916
121	0	1939	0	0
122	0	1939	0	0
123	1787	151	0	1
124	1934	0	0	5
125	0	0	1939	0
126	1689	235	8	7
127	0	1939	0	0
128	0	1939	0	0
129	1458	478	1	2
130	1939	0	0	0
131	0	0	1939	0
132	1885	36	1	17
133	1	1938	0	0
134	0	1939	0	0
135	1707	219	6	7
136	0	0	0	1939
137	1939	0	0	0
138	0	0	1738	201
139	1938	1	0	0
140	0	0	1939	0
141	35	1	1797	106
142	1932	2	5	0
143	0	0	0	1939
144	19	1912	1	7
145	1	1937	1	0
146	1937	0	0	2
147	0	0	1826	113
148	1938	0	1	0
149	0	1	1938	0
150	1342	514	33	50
151	5	1934	0	0
152	1	0	1	1937
153	227	25	1482	205
154	1938	1	0	0
155	1929	9	1	0
156	0	0	1838	101
157	1931	0	8	0
158	0	1938	0	1
159	1794	144	0	1
160	1939	0	0	0
161	0	0	1939	0
162	1885	45	9	0
163	0	0	1938	1
164	1938	1	0	0
165	0	0	593	1346
166	117	0	1822	0
167	1937	2	0	0
168	1852	87	0	0
169	0	0	0	1939
170	1939	0	0	0
171	0	0	936	1003
172	0	2	0	1937
173	0	0	1938	1
174	1854	64	12	9
175	4	1935	0	0
176	1935	4	0	0
177	1574	363	2	0
178	1936	0	3	0
179	1546	388	0	5
180	509	1408	0	22
181	1	1938	0	0
182	0	1938	1	0
183	1084	852	0	3
184	1904	35	0	0
185	1565	355	16	3
186	1155	782	1	1
187	0	0	0	1939
188	0	1939	0	0
189	0	1939	0	0
190	1911	27	0	1
191	1	0	1930	8
192	1683	244	7	5
193	1933	5	0	1
194	25	1	1869	44
195	1730	194	11	4
196	1937	1	0	1
197	1937	2	0	0
198	0	0	1808	131
199	1698	1	2	238
200	0	0	1934	5
201	1744	80	65	50
202	2	1937	0	0
203	1938	0	0	1
204	752	1186	0	1
205	1938	0	1	0
206	0	0	1924	15
207	37	30	304	1568
208	31	1906	0	2
209	38	1900	0	1
210	1469	260	3	207
211	0	1937	1	1
212	2	1	1936	0
213	1820	108	5	6
214	0	0	1932	7
215	5	0	1917	17
216	88	15	1542	294
217	0	0	1939	0
218	1938	1	0	0
219	1287	651	1	0
220	1	0	1919	19
221	0	0	0	1939
222	58	9	1205	667
223	1938	0	1	0
224	1935	1	2	1
225	0	0	1431	508
226	1	1	1937	0
227	0	2	1936	1
228	1024	868	6	41
229	1906	33	0	0
230	1	1	1	1936
231	2	0	72	1865
232	1	1938	0	0
233	1937	0	0	2
234	1	1	95	1842
235	1	1937	0	1
236	1	1936	2	0
237	1780	146	8	5
238	0	1	1937	1
239	1	0	1937	1
240	1808	106	11	14
241	7	0	1086	846
242	1	0	0	1938
243	1358	554	12	15
244	0	0	1938	1
245	1	0	1937	1
246	179	39	182	1539
247	12	1925	0	2
248	1908	6	5	20
249	231	1664	0	44
250	51	1886	1	1
251	1929	9	0	1
252	2	0	1212	725
253	1929	7	2	1
254	1937	2	0	0
255	0	0	525	1414
256	0	1939	0	0
257	1938	1	0	0
258	656	1270	2	11
259	0	0	1939	0
260	1	0	1938	0
261	1590	220	107	22
262	1938	0	0	1
263	3	1917	14	5
264	0	0	768	1171
265	0	1939	0	0
266	0	1939	0	0
267	1118	755	18	48
268	0	0	0	1939
269	1939	0	0	0
270	0	0	103	1836
271	0	1938	1	0
272	0	1	1937	1
273	1524	46	57	312
274	0	0	1939	0
275	1938	1	0	0
276	1869	70	0	0
277	1937	1	1	0
278	1	0	1937	1
279	1304	618	2	15
280	0	1939	0	0
281	1939	0	0	0
282	3	0	1111	825
283	0	0	0	1939
284	0	1938	1	0
285	0	0	460	1479
286	1	1938	0	0
287	0	0	0	1939
288	359	436	841	303
289	4	0	1068	867
290	0	0	0	1939
291	276	1357	11	295
292	0	1938	0	1
293	1938	0	0	1
294	1306	632	0	1
295	0	1938	0	1
296	0	0	1938	1
297	1613	23	77	226
298	1938	0	0	1
299	0	0	0	1939
300	2	1937	0	0
301	0	1939	0	0
302	0	1	1937	1
303	19	12	102	1806
304	0	0	5	1934
305	21	0	4	1914
306	4	0	1863	72
307	1	0	1938	0
308	0	0	0	1939
309	4	2	43	1890
310	1	1938	0	0
311	1937	1	0	1
312	1604	335	0	0
313	31	1908	0	0
314	1935	3	1	0
315	1403	518	15	3
316	10	0	1	1928
317	0	0	1939	0
318	34	0	1711	194
319	0	0	1939	0
320	1938	0	1	0
321	1	0	1560	378
322	0	0	1938	1
323	0	0	1939	0
324	1814	32	64	29
325	0	1939	0	0
326	4	1935	0	0
327	766	1118	11	44
328	1928	0	11	0
329	0	0	0	1939
330	561	0	1272	106
331	0	0	0	1939
332	2	0	0	1937
333	0	0	47	1892
334	0	1939	0	0
335	1922	16	1	0
336	1631	303	3	2
337	1937	2	0	0
338	1920	13	5	1
339	0	0	1598	341
340	0	3	0	1936
341	0	0	1939	0
342	552	797	16	574
343	0	0	0	1939
344	0	1939	0	0
345	0	0	344	1595
346	92	2	1839	6
347	0	0	1	1938
348	10	3	191	1735
349	0	1939	0	0
350	1937	2	0	0
351	1766	173	0	0
352	1913	26	0	0
353	0	0	1937	2
354	457	1443	0	39
355	1933	6	0	0
356	0	0	0	1939
357	91	1831	1	16
358	1	1938	0	0
359	1938	1	0	0
360	1534	404	1	0
361	430	1506	1	2
362	1	0	52	1886
363	11	31	289	1608
364	38	1899	1	1
365	1	0	2	1936
366	17	5	481	1436
367	0	0	1938	1
368	1938	1	0	0
369	1122	816	1	0
370	0	0	1939	0
371	1937	2	0	0
372	1814	125	0	0
373	1934	5	0	0
374	0	0	1939	0
375	1886	48	3	2
376	1876	1	62	0
377	0	1939	0	0
378	1560	379	0	0
379	20	1917	0	2
380	1	0	0	1938
381	287	1632	1	19
382	0	1939	0	0
383	1939	0	0	0
384	0	0	1341	598
385	1939	0	0	0
386	1930	8	0	1
387	1648	291	0	0
388	3	0	1591	345
389	0	0	0	1939
390	664	1264	1	10
391	1935	4	0	0
392	0	0	1939	0
393	64	17	1195	663
394	0	0	1939	0
395	1939	0	0	0
396	1881	57	1	0
397	0	1939	0	0
398	0	1939	0	0
399	13	3	516	1407
400	13	0	1926	0
401	2	1937	0	0
402	72	16	1197	654
403	0	0	1939	0
404	1939	0	0	0
405	140	1799	0	0
406	1939	0	0	0
407	0	0	1939	0
408	68	2	1212	657
409	0	0	0	1939
410	1927	0	0	12
411	0	0	76	1863
412	0	1939	0	0
413	1938	1	0	0
414	0	0	1043	896
415	1	0	0	1938
416	0	1939	0	0
417	0	1939	0	0
418	1939	0	0	0
419	0	0	1939	0
420	1726	127	21	65
421	1	2	448	1488
422	0	0	0	1939
423	903	1036	0	0
424	1936	2	1	0
425	1938	0	0	1
426	1	0	878	1060
427	1928	0	11	0
428	3	1936	0	0
429	1424	515	0	0
430	1938	1	0	0
431	1937	2	0	0
432	0	0	980	959
433	0	0	1939	0
434	1938	0	0	1
435	1190	749	0	0
436	0	2	1937	0
437	0	0	1939	0
438	436	1351	9	143
439	0	1939	0	0
440	0	0	1939	0
441	284	16	62	1577
442	0	1938	0	1
443	0	0	1939	0
444	1720	30	20	169
445	1938	1	0	0
446	0	0	1939	0
447	67	23	91	1758
448	1	1936	0	2
449	0	0	1937	2
450	928	41	101	869
451	0	0	150	1789
452	0	0	0	1939
453	665	1256	0	18
454	2	1936	0	1
455	0	1	1938	0
456	26	0	1475	438
457	1939	0	0	0
458	1939	0	0	0
459	0	0	1406	533
460	1938	1	0	0
461	0	0	1939	0
462	321	10	422	1186
463	1937	1	0	1
464	0	0	1	1938
465	1885	3	33	18
466	1	1938	0	0
467	1939	0	0	0
468	640	1299	0	0
469	105	1834	0	0
470	0	0	0	1939
471	214	100	1459	166
472	0	0	0	1939
473	3	0	0	1936
474	0	0	1645	294
475	1937	1	1	0
476	17	1922	0	0
477	1579	358	1	1
478	278	2	5	1654
479	6	0	1568	365
480	227	1689	13	10
481	1939	0	0	0
482	1939	0	0	0
483	1	0	1335	603
484	330	1605	0	4
485	170	1769	0	0
486	28	5	409	1497
487	6	0	1718	215
488	1	0	0	1938
489	1130	665	59	85
490	1914	23	0	2
491	5	0	1905	29
492	1706	170	17	46
493	97	1812	0	30
494	5	4	1922	8
495	80	11	1025	823
496	1938	0	0	1
497	1872	67	0	0
498	0	0	80	1859
499	3	1936	0	0
500	1937	2	0	0
501	1434	492	5	8
502	1	0	0	1938
503	0	0	1939	0
504	1060	776	11	92
505	0	1939	0	0
506	0	1939	0	0
507	1348	581	3	7
508	1834	0	105	0
509	0	1939	0	0
510	871	1051	16	1
511	1	0	1415	523
512	0	0	0	1939
513	1616	275	40	8
514	1930	8	1	0
515	0	0	0	1939
516	1755	16	101	67
517	0	1939	0	0
518	1939	0	0	0
519	0	0	134	1805
520	0	0	3	1936
521	0	0	1	1938
522	0	0	1538	401
523	0	1	1735	203
524	0	0	0	1939
525	286	15	1289	349
526	1939	0	0	0
527	1924	15	0	0
528	346	1593	0	0
529	0	1939	0	0
530	1939	0	0	0
531	0	0	240	1699
532	0	1939	0	0
533	0	0	1	1938
534	397	1489	24	29
535	1863	70	1	5
536	0	0	13	1926
537	19	1917	0	3
538	6	1933	0	0
539	1925	14	0	0
540	1541	173	82	143
541	0	0	0	1939
542	0	0	1939	0
543	1829	77	20	13
544	1928	10	1	0
545	0	0	4	1935
546	4	1935	0	0
547	293	1645	0	1
548	1934	5	0	0
549	2	2	448	1487
550	1937	2	0	0
551	1886	46	6	1
552	1553	384	1	1
553	17	1922	0	0
554	1917	21	0	1
555	1145	776	13	5
556	22	1917	0	0
557	1867	61	3	8
558	1472	464	2	1
559	1884	46	9	0
560	0	0	0	1939
561	295	1635	1	8
562	3	1935	1	0
563	1927	7	0	5
564	1372	564	2	1
565	1918	16	4	1
566	0	0	0	1939
567	1764	4	40	131
568	1927	12	0	0
569	0	1	1881	57
570	1829	99	5	6
571	1939	0	0	0
572	0	1	1938	0
573	1301	400	208	30
574	0	0	1939	0
575	1938	1	0	0
576	0	0	522	1417
577	0	0	1	1938
578	0	1	0	1938
579	0	0	1614	325
580	0	0	1939	0
581	1938	0	1	0
582	1187	751	0	1
583	1912	0	27	0
584	6	1933	0	0
585	1205	734	0	0
586	1939	0	0	0
587	1938	1	0	0
588	1145	794	0	0
589	1931	0	8	0
590	8	1930	1	0
591	1455	484	0	0
592	1928	0	11	0
593	7	1932	0	0
594	1754	185	0	0
595	317	1619	1	2
596	0	0	4	1935
597	1232	665	5	37
598	1936	0	3	0
599	7	1932	0	0
600	715	1224	0	0
601	0	1939	0	0
602	1938	1	0	0
603	1	0	1856	82
604	1937	0	0	2
605	1924	14	1	0
606	0	0	1811	128
607	1897	29	3	10
608	0	1	18	1920
609	43	1887	0	9
610	1934	1	0	4
611	0	19	1919	1
612	33	2	1830	74
613	1937	1	1	0
614	1919	20	0	0
615	197	1741	0	1
616	1935	1	3	0
617	1910	29	0	0
618	1409	529	1	0
619	1939	0	0	0
620	1	0	0	1938
621	2	1937	0	0
622	135	1804	0	0
623	0	0	1	1938
624	400	38	1478	23
625	1939	0	0	0
626	0	0	1939	0
627	1677	234	17	11
628	0	0	1939	0
629	1936	0	0	3
630	1677	247	13	2
631	1917	0	22	0
632	0	1939	0	0
633	1465	472	1	1
634	1939	0	0	0
635	0	0	1937	2
636	1842	61	17	19
637	1914	24	0	1
638	0	1	0	1938
639	1895	5	32	7
640	0	1939	0	0
641	0	1939	0	0
642	1035	867	16	21
643	1938	1	0	0
644	1927	12	0	0
645	100	1839	0	0
646	1938	1	0	0
647	1932	7	0	0
648	897	1042	0	0
649	1938	1	0	0
650	1930	8	0	1
651	957	981	0	1
652	0	1	1938	0
653	1934	0	0	5
654	682	1215	5	37
655	1921	2	16	0
656	383	1553	0	3
657	1001	937	1	0
658	18	68	1507	346
659	0	0	0	1939
660	564	1358	2	15
661	1906	26	5	2
662	1777	133	27	2
663	14	3	1393	529
664	1937	0	2	0
665	1761	178	0	0
666	790	1145	0	4
667	1932	3	4	0
668	453	1485	1	0
669	582	1357	0	0
670	1692	241	1	5
671	143	1777	4	15
672	4	1	1431	503
673	0	0	1	1938
674	1939	0	0	0
675	0	0	788	1151
676	13	6	1346	574
677	0	0	0	1939
678	1637	265	26	11
679	1929	9	0	1
680	0	1	1	1937
681	1889	1	20	29
682	1933	0	6	0
683	2	1937	0	0
684	1784	155	0	0
685	15	1918	0	6
686	0	0	1939	0
687	1816	81	6	36
688	1	0	895	1043
689	0	0	0	1939
690	131	1742	14	52
691	1939	0	0	0
692	0	0	1939	0
693	1861	21	49	8
694	0	0	878	1061
695	0	0	0	1939
696	580	1352	0	7
697	1938	0	0	1
698	1939	0	0	0
699	0	0	1616	323
700	1939	0	0	0
701	0	0	1939	0
702	1634	293	4	8
703	1938	0	0	1
704	1	0	0	1938
705	0	1939	0	0
706	1938	1	0	0
707	0	0	1939	0
708	1249	27	604	59
709	1939	0	0	0
710	1938	0	0	1
711	1628	310	1	0
712	1	1938	0	0
713	1937	2	0	0
714	0	0	466	1473
715	0	1938	0	1
716	0	4	1935	0
717	1270	42	230	397
718	1	1938	0	0
719	1939	0	0	0
720	1586	353	0	0
721	1929	0	10	0
722	0	1939	0	0
723	1833	106	0	0
724	1	1938	0	0
725	0	1939	0	0
726	52	35	1735	117
727	1938	1	0	0
728	1938	1	0	0
729	1245	694	0	0
730	0	0	183	1756
731	0	0	0	1939
732	714	1225	0	0
733	1938	1	0	0
734	1922	16	1	0
735	911	1028	0	0
736	1900	1	38	0
737	1	1938	0	0
738	874	1053	6	6
739	990	0	949	0
740	1	1938	0	0
741	603	1014	4	318
742	0	1939	0	0
743	0	1	1938	0
744	1563	88	28	260
745	1936	2	0	1
746	1	0	0	1938
747	13	0	363	1563
748	1	1937	1	0
749	0	1	1938	0
750	1815	77	18	29
751	1939	0	0	0
752	0	0	1939	0
753	1818	44	70	7
754	0	0	1939	0
755	0	0	1939	0
756	412	9	1175	343
757	0	1939	0	0
758	0	1939	0	0
759	685	1244	0	10
760	1939	0	0	0
761	0	0	0	1939
762	0	1938	0	1
763	0	0	1939	0
764	1938	0	1	0
765	1009	928	1	1
766	1938	0	0	1
767	0	0	2	1937
768	70	0	1283	586
769	1920	0	19	0
770	0	1938	0	1
771	1833	105	0	1
772	0	1939	0	0
773	0	1939	0	0
774	1217	456	18	248
775	0	0	0	1939
776	0	0	0	1939
777	0	0	988	951
778	0	1939	0	0
779	0	0	0	1939
780	505	1375	40	19
781	0	0	16	1923
782	1937	0	0	2
783	0	0	1419	520
784	0	4	4	1931
785	0	2	1	1936
786	0	0	456	1483
787	1	1938	0	0
788	0	0	0	1939
789	463	14	437	1025
790	0	1939	0	0
791	1939	0	0	0
792	1810	129	0	0
793	1736	201	0	2
794	0	0	1933	6
795	1576	77	6	280
796	0	0	1116	823
797	0	0	0	1939
798	1358	535	5	41
799	0	1938	0	1
800	0	0	1939	0
801	567	1043	18	311
802	1915	1	23	0
803	9	1930	0	0
804	274	1665	0	0
805	1922	4	1	12
806	14	1914	4	7
807	17	4	1733	185
808	1938	1	0	0
809	0	0	1	1938
810	97	0	1062	780
811	0	0	0	1939
812	0	1939	0	0
813	0	0	298	1641
814	2	1937	0	0
815	1936	1	1	1
816	415	1515	1	8
817	1939	0	0	0
818	1935	4	0	0
819	1163	775	1	0
820	1	0	1938	0
821	0	0	0	1939
822	18	6	197	1718
823	0	1939	0	0
824	1939	0	0	0
825	849	1090	0	0
826	0	0	1939	0
827	1939	0	0	0
828	1521	418	0	0
829	0	0	0	1939
830	0	0	1939	0
831	103	15	116	1705
832	0	1939	0	0
833	1	1938	0	0
834	1148	659	118	14
835	0	0	1900	39
836	0	0	0	1939
837	67	45	1613	214
838	0	0	1939	0
839	0	0	1939	0
840	1259	129	157	394
841	1	1938	0	0
842	0	0	0	1939
843	268	17	301	1353
844	0	1938	0	1
845	0	1939	0	0
846	1275	608	13	43
847	0	1939	0	0
848	0	1939	0	0
849	303	861	669	106
850	1939	0	0	0
851	1939	0	0	0
852	0	0	121	1818
853	0	1939	0	0
854	1939	0	0	0
855	987	951	0	1
856	1939	0	0	0
857	1939	0	0	0
858	184	1754	0	1
859	1939	0	0	0
860	1939	0	0	0
861	666	1273	0	0
862	0	1939	0	0
863	0	0	1939	0
864	36	3	725	1175
865	1939	0	0	0
866	1939	0	0	0
867	1852	87	0	0
868	0	0	831	1108
869	0	0	0	1939
870	121	1816	0	2
871	0	1939	0	0
872	0	0	1938	1
873	1858	50	8	23
874	1939	0	0	0
875	1939	0	0	0
876	0	0	212	1727
877	0	1939	0	0
878	0	0	0	1939
879	34	5	567	1333
880	3	1936	0	0
881	0	1	0	1938
882	202	1703	15	19
883	1922	0	17	0
884	1	1938	0	0
885	1230	709	0	0
886	1939	0	0	0
887	1938	1	0	0
888	1081	858	0	0
889	1938	1	0	0
890	0	0	1	1938
891	1	1938	0	0
892	1939	0	0	0
893	0	0	2	1937
894	0	1939	0	0
895	1933	6	0	0
896	0	0	1938	1
897	33	12	435	1459
898	1939	0	0	0
899	1922	15	2	0
900	0	0	978	961
901	0	0	1	1938
902	0	0	1938	1
903	1683	178	37	41
904	2	0	1937	0
905	1934	4	0	1
906	1824	111	1	3
907	0	1938	0	1
908	1939	0	0	0
909	0	0	977	962
910	1936	2	0	1
911	1	0	1935	3
912	1717	60	10	152
913	0	1939	0	0
914	1938	1	0	0
915	446	1491	0	2
916	224	11	1704	0
917	0	0	3	1936
918	22	2	1243	672
919	0	0	0	1939
920	0	0	1939	0
921	19	7	1069	844
922	0	0	1	1938
923	0	0	0	1939
924	0	1	1057	881
925	1938	0	1	0
926	0	0	1939	0
927	1829	39	52	19
928	1924	13	2	0
929	0	0	1	1938
930	42	0	808	1089
931	1939	0	0	0
932	0	0	1939	0
933	34	29	39	1837
934	1	1938	0	0
935	0	1939	0	0
936	1252	650	26	11
937	0	1938	0	1
938	1939	0	0	0
939	0	0	1706	233
940	1939	0	0	0
941	1939	0	0	0
942	0	0	1707	232
943	1939	0	0	0
944	1	0	1938	0
945	101	1	1544	293
946	1939	0	0	0
947	1939	0	0	0
948	1615	324	0	0
949	0	0	0	1939
950	0	1939	0	0
951	0	1939	0	0
952	1939	0	0	0
953	1939	0	0	0
954	0	0	60	1879
955	0	1939	0	0
956	1939	0	0	0
957	907	1031	0	1
958	1939	0	0	0
959	1939	0	0	0
960	0	0	172	1767
961	0	0	1939	0
962	1939	0	0	0
963	1279	660	0	0
964	1939	0	0	0
965	1923	16	0	0
966	0	0	953	986
967	0	0	1939	0
968	0	0	1939	0
969	53	5	474	1407
970	825	0	1114	0
971	0	1939	0	0
972	570	1346	14	9
973	1810	129	0	0
974	0	0	6	1933
975	153	1725	1	60
976	1	0	0	1938
977	0	0	0	1939
978	0	0	612	1327
979	15	0	1649	275
980	0	0	0	1939
981	360	1523	0	56
982	62	1877	0	0
983	0	0	1936	3
984	1309	572	27	31
985	1938	1	0	0
986	0	0	0	1939
987	1	1938	0	0
988	1903	36	0	0
989	0	0	0	1939
990	1597	2	60	280
991	1939	0	0	0
992	0	1	1938	0
993	1530	363	8	38
994	0	0	0	1939
995	1932	0	0	7
996	0	0	1347	592
997	1939	0	0	0
998	0	0	0	1939
999	555	1	1302	81
1000	1939	0	0	0
1001	0	0	1939	0
1002	1609	22	261	47
1003	1925	0	14	0
1004	71	1868	0	0
1005	1611	328	0	0
1006	1931	8	0	0
1007	1922	16	1	0
1008	9	0	1132	798
1009	0	0	1939	0
1010	1937	2	0	0
1011	1374	565	0	0
1012	0	0	1938	1
1013	0	0	1939	0
1014	228	58	308	1345
1015	4	1935	0	0
1016	1930	3	1	5
1017	1601	328	3	7
1018	0	0	0	1939
1019	0	1939	0	0
1020	0	1939	0	0
1021	0	0	0	1939
1022	0	0	1	1938
1023	1	0	876	1062
1024	1834	0	105	0
1025	1	1937	1	0
1026	1449	490	0	0
1027	1939	0	0	0
1028	1939	0	0	0
1029	0	0	379	1560
1030	300	1638	0	1
1031	0	0	3	1936
1032	75	9	1289	566
1033	3	0	456	1480
1034	0	0	0	1939
1035	661	1278	0	0
1036	1937	0	0	2
1037	8	1931	0	0
1038	1	0	1766	172
1039	1903	35	1	0
1040	0	0	0	1939
1041	21	245	379	1294
1042	0	1939	0	0
1043	0	0	1939	0
1044	726	50	832	331
1045	0	0	1939	0
1046	0	0	1939	0
1047	98	30	388	1423
1048	1929	9	1	0
1049	0	0	0	1939
1050	1916	0	7	16
1051	1939	0	0	0
1052	0	0	0	1939
1053	0	1939	0	0
1054	0	0	0	1939
1055	0	0	1	1938
1056	0	0	1830	109
1057	1	1	0	1937
1058	0	0	1939	0
1059	1684	232	16	7
1060	1937	1	0	1
1061	1938	1	0	0
1062	0	0	1495	444
1063	1939	0	0	0
1064	1939	0	0	0
1065	1664	275	0	0
1066	1924	7	1	7
1067	0	0	0	1939
1068	0	1939	0	0
1069	3	1936	0	0
1070	0	1	1938	0
1071	1230	658	14	37
1072	1937	0	2	0
1073	21	1917	0	1
1074	1647	292	0	0
1075	1	0	907	1031
1076	0	0	0	1939
1077	1720	173	0	46
1078	1	1938	0	0
1079	0	1939	0	0
1080	671	1239	0	29
1081	1937	1	1	0
1082	1892	47	0	0
1083	1836	103	0	0
1084	0	1939	0	0
1085	0	1939	0	0
1086	1440	468	6	25
1087	0	1	1	1937
1088	1935	0	1	3
1089	1	0	1770	168
1090	1938	0	1	0
1091	1	0	0	1938
1092	0	1938	0	1
1093	0	1	0	1938
1094	0	0	0	1939
1095	0	0	1463	476
1096	2	1935	2	0
1097	1932	6	1	0
1098	1493	446	0	0
1099	1939	0	0	0
1100	1	1938	0	0
1101	0	1	235	1703
1102	1936	2	1	0
1103	1931	7	1	0
1104	445	1491	0	3
1105	1928	11	0	0
1106	73	1841	1	24
1107	267	18	1445	209
1108	1937	0	2	0
1109	1	0	0	1938
1110	1	1937	0	1
1111	1938	1	0	0
1112	1910	29	0	0
1113	243	1696	0	0
1114	208	6	1436	289
1115	1	0	1	1937
1116	1009	136	143	651
1117	263	1	1675	0
1118	0	1938	1	0
1119	1259	677	2	1
1120	1928	11	0	0
1121	1	0	1938	0
1122	1816	72	4	47
1123	1	0	1938	0
1124	1938	0	1	0
1125	1684	254	1	0
1126	1776	153	0	10
1127	1	0	0	1938
1128	1912	7	1	19
1129	2	0	1918	19
1130	1	0	1938	0
1131	1332	481	20	106
1132	4	1930	0	5
1133	0	1	1936	2
1134	1760	148	9	22
1135	0	1939	0	0
1136	1938	1	0	0
1137	1720	217	2	0
1138	1918	13	4	4
1139	0	0	3	1936
1140	35	1900	0	4
1141	16	0	1907	16
1142	0	0	1	1938
1143	790	47	424	678
1144	35	1871	0	33
1145	5	0	1928	6
1146	1867	53	15	4
1147	1647	256	1	35
1148	1208	689	42	0
1149	3	1	1110	825
1150	1930	9	0	0
1151	0	0	0	1939
1152	18	0	49	1872
1153	18	1921	0	0
1154	1937	2	0	0
1155	11	0	1361	567
1156	2	0	1245	692
1157	0	0	0	1939
1158	152	1631	43	113
1159	1939	0	0	0
1160	1920	19	0	0
1161	1445	494	0	0
1162	0	0	0	1939
1163	1939	0	0	0
1164	0	0	1164	775
1165	0	0	1	1938
1166	0	0	0	1939
1167	0	0	1892	47
1168	1937	1	0	1
1169	1939	0	0	0
1170	0	0	498	1441
1171	127	1809	3	0
1172	1933	4	1	1
1173	1344	519	20	56
1174	22	3	29	1885
1175	5	0	1862	72
1176	1866	63	3	7
1177	1938	0	1	0
1178	0	0	1939	0
1179	1409	496	10	24
1180	1934	1	4	0
1181	470	1468	0	1
1182	1223	716	0	0
1183	1683	236	20	0
1184	1898	39	1	1
1185	322	1613	1	3
1186	1939	0	0	0
1187	1929	9	1	0
1188	1614	324	0	1
1189	1938	1	0	0
1190	0	0	0	1939
1191	429	1	778	731
1192	87	1852	0	0
1193	1933	4	0	2
1194	224	1715	0	0
1195	1939	0	0	0
1196	1894	44	0	1
1197	1164	735	37	3
1198	1920	15	0	4
1199	0	0	2	1937
1200	1877	3	32	27
1201	1883	1	55	0
1202	3	1936	0	0
1203	970	969	0	0
1204	0	1	1936	2
1205	1	0	1938	0
1206	339	26	110	1464
1207	2	0	1900	37
1208	0	0	0	1939
1209	413	241	554	731
1210	3	0	1621	315
1211	0	0	0	1939
1212	1402	266	263	8
1213	1917	19	2	1
1214	0	1	56	1882
1215	1626	38	9	266
1216	21	1917	0	1
1217	1933	5	1	0
1218	55	63	94	1727
1219	3	1936	0	0
1220	2	1937	0	0
1221	70	41	1302	526
1222	1916	22	0	1
1223	0	0	1939	0
1224	1503	308	28	100
1225	0	1939	0	0
1226	0	0	1931	8
1227	369	21	1463	86
1228	0	1	2	1936
1229	0	0	1939	0
1230	1826	68	19	26
1231	0	0	479	1460
1232	0	0	0	1939
1233	423	1515	0	1
1234	1939	0	0	0
1235	0	1939	0	0
1236	1	0	886	1052
1237	0	0	1939	0
1238	0	0	1939	0
1239	43	27	102	1767
1240	0	1939	0	0
1241	1	1938	0	0
1242	1548	377	12	2
1243	1938	1	0	0
1244	0	0	0	1939
1245	0	1939	0	0
1246	1939	0	0	0
1247	0	0	0	1939
1248	0	1939	0	0
1249	1938	0	1	0
1250	0	0	1	1938
1251	0	1939	0	0
1252	0	1939	0	0
1253	0	1939	0	0
1254	72	2	1770	95
1255	1939	0	0	0
1256	0	0	1	1938
1257	0	1939	0	0
1258	0	0	0	1939
1259	0	0	0	1939
1260	0	0	1535	404
1261	1938	1	0	0
1262	1939	0	0	0
1263	0	0	1535	404
1264	1938	0	0	1
1265	1	0	0	1938
1266	0	1939	0	0
1267	0	0	1658	281
1268	0	0	0	1939
1269	700	1226	1	12
1270	1939	0	0	0
1271	0	1938	1	0
1272	0	0	664	1275
1273	1937	2	0	0
1274	0	0	1939	0
1275	1525	287	26	101
1276	1	1938	0	0
1277	0	0	0	1939
1278	342	53	655	889
1279	0	0	410	1529
1280	0	0	0	1939
1281	1181	754	1	3
1282	0	1939	0	0
1283	0	1939	0	0
1284	1627	243	23	46
1285	0	1939	0	0
1286	0	0	0	1939
1287	53	18	1297	571
1288	2	0	1	1936
1289	0	0	1939	0
1290	1316	557	48	18
1291	1887	52	0	0
1292	0	0	1	1938
1293	307	1	1112	519
1294	0	1	1740	198
1295	0	0	0	1939
1296	522	1388	4	25
1297	1939	0	0	0
1298	1938	1	0	0
1299	0	0	339	1600
1300	8	0	1908	23
1301	0	0	0	1939
1302	405	76	393	1065
1303	0	1939	0	0
1304	0	1938	1	0
1305	895	1009	33	2
1306	4	0	1935	0
1307	1938	0	0	1
1308	1544	395	0	0
1309	1938	0	1	0
1310	1893	46	0	0
1311	149	1790	0	0
1312	1925	13	1	0
1313	588	1351	0	0
1314	638	1300	0	1
1315	0	0	14	1925
1316	1938	0	1	0
1317	0	0	1882	57
1318	1938	0	1	0
1319	0	0	1938	1
1320	54	12	1558	315
1321	1939	0	0	0
1322	1877	62	0	0
1323	1557	381	0	1
1324	1938	0	1	0
1325	4	1	1934	0
1326	738	16	1108	77
1327	1883	51	0	5
1328	0	0	1786	153
1329	1525	123	249	42
1330	0	0	0	1939
1331	1939	0	0	0
1332	0	0	1538	401
1333	0	0	0	1939
1334	0	1939	0	0
1335	0	1939	0	0
1336	0	0	0	1939
1337	0	1939	0	0
1338	0	1939	0	0
1339	0	1939	0	0
1340	1939	0	0	0
1341	0	0	738	1201
1342	0	1939	0	0
1343	1	1938	0	0
1344	1445	427	10	57
1345	0	0	1939	0
1346	0	0	0	1939
1347	23	42	1712	162
1348	0	0	1939	0
1349	1937	1	0	1
1350	1858	81	0	0
1351	0	0	1	1938
1352	0	0	1939	0
1353	214	25	1356	344
1354	0	0	0	1939
1355	0	0	1938	1
1356	157	12	351	1419
1357	0	1939	0	0
1358	1938	1	0	0
1359	1	0	297	1641
1360	2	1936	0	1
1361	1939	0	0	0
1362	0	0	990	949
1363	0	1	1	1937
1364	0	0	0	1939
1365	0	0	1025	914
1366	2	1936	0	1
1367	0	0	1938	1
1368	77	4	695	1163
1369	0	0	1921	18
1370	0	0	1	1938
1371	57	40	1749	93
1372	1939	0	0	0
1373	0	0	0	1939
1374	1803	1	62	73
1375	21	1915	0	3
1376	0	0	0	1939
1377	217	1711	0	11
1378	1939	0	0	0
1379	1937	1	0	1
1380	0	1	63	1875
1381	0	1938	0	1
1382	0	0	1939	0
1383	1528	65	67	279
1384	6	0	1921	12
1385	2	0	1932	5
1386	494	1024	87	334
1387	1909	28	2	0
1388	1911	24	4	0
1389	0	0	299	1640
1390	9	0	1889	41
1391	1931	5	2	1
1392	3	3	83	1850
1393	1	1936	2	0
1394	1921	4	13	1
1395	445	1491	1	2
1396	0	1939	0	0
1397	8	1931	0	0
1398	1440	487	2	10
1399	1932	7	0	0
1400	1	1	1	1936
1401	1886	1	14	38
1402	1	1	1937	0
1403	1938	1	0	0
1404	1742	197	0	0
1405	0	1937	0	2
1406	0	0	1939	0
1407	1738	43	17	141
1408	0	1939	0	0
1409	0	1939	0	0
1410	1557	328	13	41
1411	3	1936	0	0
1412	0	0	1	1938
1413	584	1286	11	58
1414	52	1887	0	0
1415	1939	0	0	0
1416	1	0	650	1288
1417	1923	0	16	0
1418	13	1926	0	0
1419	932	1007	0	0
1420	0	0	0	1939
1421	0	0	2	1937
1422	0	0	1684	255
1423	0	0	0	1939
1424	1937	2	0	0
1425	0	0	513	1426
1426	1898	2	39	0
1427	0	1939	0	0
1428	685	1254	0	0
1429	1936	3	0	0
1430	0	0	1915	24
1431	107	0	1575	257
1432	1	0	0	1938
1433	0	1939	0	0
1434	0	0	1715	224
1435	1938	1	0	0
1436	1938	0	1	0
1437	1159	780	0	0
1438	0	0	1382	557
1439	0	0	0	1939
1440	974	961	1	3
1441	4	1907	28	0
1442	1	0	0	1938
1443	74	231	479	1155
1444	0	1939	0	0
1445	0	1939	0	0
1446	1269	664	1	5
1447	1933	6	0	0
1448	0	0	1	1938
1449	165	0	1701	73
1450	1938	0	0	1
1451	1938	0	0	1
1452	0	0	1077	862
1453	1937	0	2	0
1454	0	0	0	1939
1455	0	1939	0	0
1456	1939	0	0	0
1457	0	1938	1	0
1458	0	0	1853	86
1459	1939	0	0	0
1460	1939	0	0	0
1461	1586	353	0	0
1462	1939	0	0	0
1463	1921	18	0	0
1464	36	1903	0	0
1465	1939	0	0	0
1466	1939	0	0	0
1467	560	1379	0	0
1468	0	0	0	1939
1469	0	0	1938	1
1470	21	2	936	980
1471	1	0	0	1938
1472	1939	0	0	0
1473	0	0	1526	413
1474	1939	0	0	0
1475	0	0	0	1939
1476	1918	1	12	8
1477	1939	0	0	0
1478	1939	0	0	0
1479	0	0	749	1190
1480	1265	0	674	0
1481	316	1623	0	0
1482	383	1556	0	0
1483	1937	2	0	0
1484	0	0	1939	0
1485	1783	84	21	51
1486	1	1938	0	0
1487	0	1939	0	0
1488	1383	492	21	43
1489	1939	0	0	0
1490	0	0	1939	0
1491	1795	33	23	88
1492	0	0	0	1939
1493	0	1	0	1938
1494	2	0	184	1753
1495	0	1939	0	0
1496	1939	0	0	0
1497	1445	494	0	0
1498	0	0	1	1938
1499	0	1	0	1938
1500	0	0	1892	47
1501	1939	0	0	0
1502	0	0	1939	0
1503	1727	165	13	34
1504	1939	0	0	0
1505	0	1939	0	0
1506	0	0	1513	426
1507	0	0	0	1939
1508	0	0	0	1939
1509	0	0	100	1839
1510	0	0	0	1939
1511	0	0	0	1939
1512	0	0	1618	321
1513	0	0	1	1938
1514	1938	0	1	0
1515	0	0	1138	801
1516	1	0	1937	1
1517	0	1939	0	0
1518	94	32	1658	155
1519	1	0	1	1937
1520	1939	0	0	0
1521	0	0	86	1853
1522	0	1939	0	0
1523	0	1939	0	0
1524	1265	643	6	25
1525	0	0	0	1939
1526	1	0	0	1938
1527	0	0	211	1728
1528	0	1939	0	0
1529	0	0	0	1939
1530	1426	466	5	42
1531	1	1935	0	3
1532	0	0	1939	0
1533	36	3	1319	581
1534	1938	0	1	0
1535	1938	0	1	0
1536	0	0	1096	843
1537	0	0	0	1939
1538	0	0	0	1939
1539	1	0	1333	605
1540	1939	0	0	0
1541	0	1939	0	0
1542	0	0	864	1075
1543	1939	0	0	0
1544	0	0	0	1939
1545	0	1939	0	0
1546	0	1939	0	0
1547	1939	0	0	0
1548	283	1655	0	1
1549	0	0	1278	661
1550	0	0	1	1938
1551	761	1124	15	39
1552	0	0	1939	0
1553	0	0	1939	0
1554	65	1	1805	68
1555	1939	0	0	0
1556	0	1939	0	0
1557	0	0	1299	640
1558	0	0	1	1938
1559	1	0	0	1938
1560	0	1	50	1888
1561	0	1939	0	0
1562	0	1939	0	0
1563	1528	382	23	6
1564	0	1939	0	0
1565	0	1	0	1938
1566	444	1439	4	52
1567	0	6	11	1922
1568	0	0	1939	0
1569	43	8	156	1732
1570	1	1938	0	0
1571	0	1939	0	0
1572	1083	836	0	20
1573	1425	514	0	0
1574	0	1	2	1936
1575	309	9	647	974
1576	1936	2	0	1
1577	1939	0	0	0
1578	0	0	222	1717
1579	0	1939	0	0
1580	1939	0	0	0
1581	1582	357	0	0
1582	0	0	0	1939
1583	0	0	1939	0
1584	789	800	15	335
1585	0	1939	0	0
1586	0	1	1938	0
1587	291	7	183	1458
1588	0	1939	0	0
1589	1939	0	0	0
1590	0	0	1712	227
1591	1939	0	0	0
1592	0	0	1	1938
1593	0	1938	0	1
1594	1938	1	0	0
1595	0	1938	0	1
1596	0	0	1637	302
1597	1909	30	0	0
1598	0	0	1	1938
1599	4	0	47	1888
1600	0	1939	0	0
1601	0	1939	0	0
1602	1513	154	7	265
1603	69	1868	1	1
1604	0	1	3	1935
1605	749	416	73	701
1606	1932	6	0	1
1607	0	0	1939	0
1608	1814	66	13	46
1609	6	1932	0	1
1610	0	0	2	1937
1611	376	1503	43	17
1612	1936	3	0	0
1613	0	0	0	1939
1614	1883	0	53	3
1615	1939	0	0	0
1616	1931	8	0	0
1617	251	1688	0	0
1618	1938	1	0	0
1619	1939	0	0	0
1620	0	0	1850	89
1621	1938	0	1	0
1622	1936	3	0	0
1623	0	0	1198	741
1624	1938	1	0	0
1625	0	0	0	1939
1626	0	1939	0	0
1627	1925	14	0	0
1628	0	0	1	1938
1629	1798	2	128	11
1630	1937	1	1	0
1631	1939	0	0	0
1632	0	0	1752	187
1633	1938	0	0	1
1634	1935	3	0	1
1635	0	0	374	1565
1636	0	1939	0	0
1637	1938	1	0	0
1638	0	0	1021	918
1639	0	0	1936	3
1640	0	0	1	1938
1641	49	30	290	1570
1642	0	1939	0	0
1643	0	1939	0	0
1644	1444	399	63	33
1645	0	0	1939	0
1646	0	0	1939	0
1647	1588	46	29	276
1648	2	1937	0	0
1649	0	0	1939	0
1650	1879	36	17	7
1651	1939	0	0	0
1652	0	0	1939	0
1653	1520	341	6	72
1654	0	1937	0	2
1655	0	0	1939	0
1656	41	3	953	942
1657	0	0	1939	0
1658	1939	0	0	0
1659	1150	787	0	2
1660	1938	0	1	0
1661	0	0	0	1939
1662	0	1939	0	0
1663	0	1939	0	0
1664	0	0	1939	0
1665	38	6	339	1556
1666	3	0	1935	1
1667	0	0	0	1939
1668	18	3	169	1749
1669	0	0	1939	0
1670	1937	1	1	0
1671	443	1496	0	0
1672	1	0	1541	397
1673	0	0	0	1939
1674	1206	660	28	45
1675	0	0	0	1939
1676	0	0	0	1939
1677	0	0	1764	175
1678	1926	11	2	0
1679	0	0	0	1939
1680	28	0	1563	348
1681	1937	2	0	0
1682	1937	2	0	0
1683	681	1258	0	0
1684	0	1939	0	0
1685	1939	0	0	0
1686	0	0	1307	632
1687	1	0	0	1938
1688	1938	1	0	0
1689	0	0	1581	358
1690	1841	0	98	0
1691	0	1939	0	0
1692	1209	730	0	0
1693	0	0	0	1939
1694	1939	0	0	0
1695	0	0	1543	396
1696	1938	0	1	0
1697	0	0	1939	0
1698	1314	564	39	22
1699	0	0	0	1939
1700	1939	0	0	0
1701	0	0	1059	880
1702	279	0	1660	0
1703	1	1938	0	0
1704	1169	740	19	11
1705	1	1	0	1937
1706	0	1939	0	0
1707	0	0	1323	616
1708	0	0	1938	1
1709	1939	0	0	0
1710	0	0	1547	392
1711	1916	0	23	0
1712	14	1925	0	0
1713	1136	803	0	0
1714	43	1896	0	0
1715	0	1939	0	0
1716	515	360	73	991
1717	1	1937	1	0
1718	1939	0	0	0
1719	0	0	1234	705
1720	1932	5	0	2
1721	3	0	1889	47
1722	1225	631	22	61
1723	12	0	1927	0
1724	1935	2	0	2
1725	1837	85	9	8
1726	1930	9	0	0
1727	0	0	3	1936
1728	67	0	653	1219
1729	2	0	1937	0
1730	1937	2	0	0
1731	1295	642	2	0
1732	1939	0	0	0
1733	0	0	1939	0
1734	557	1291	38	53
1735	1895	2	42	0
1736	288	1651	0	0
1737	757	1182	0	0
1738	1935	1	3	0
1739	2	1937	0	0
1740	1460	479	0	0
1741	5	135	0	1799
1742	0	0	1939	0
1743	1827	72	8	32
1744	0	0	4	1935
1745	2	1	2	1934
1746	0	0	1398	541
1747	0	1939	0	0
1748	1939	0	0	0
1749	213	1726	0	0
1750	55	0	1547	337
1751	0	0	0	1939
1752	695	1219	1	24
1753	1934	4	1	0
1754	1897	41	0	1
1755	405	1533	0	1
1756	1938	0	1	0
1757	1888	51	0	0
1758	646	1286	6	1
1759	2	0	1467	470
1760	0	0	0	1939
1761	513	1366	4	56
1762	0	0	0	1939
1763	0	1939	0	0
1764	0	1939	0	0
1765	4	1935	0	0
1766	1934	4	1	0
1767	572	1047	27	293
1768	1	0	1938	0
1769	1938	0	1	0
1770	1248	691	0	0
1771	1939	0	0	0
1772	0	0	1937	2
1773	6	0	1823	110
1774	7	0	1930	2
1775	638	1298	0	3
1776	282	7	640	1010
1777	0	2	0	1937
1778	0	0	1938	1
1779	1652	221	36	30
1780	1939	0	0	0
1781	1898	41	0	0
1782	445	1494	0	0
1783	71	1862	0	6
1784	0	3	1770	166
1785	1747	109	3	80
1786	0	1939	0	0
1787	0	1939	0	0
1788	1336	584	4	15
1789	0	0	1744	195
1790	0	0	0	1939
1791	666	1248	1	24
1792	0	0	815	1124
1793	0	0	0	1939
1794	305	1627	1	6
1795	58	1880	0	1
1796	0	0	0	1939
1797	535	77	324	1003
1798	0	12	2	1925
1799	0	0	1939	0
1800	1749	63	23	104
1801	1	1938	0	0
1802	1938	1	0	0
1803	0	0	88	1851
1804	0	1939	0	0
1805	0	1939	0	0
1806	1694	231	3	11
1807	0	1939	0	0
1808	0	1939	0	0
1809	1524	350	41	24
1810	0	0	1936	3
1811	0	0	1939	0
1812	1832	62	33	12
1813	1939	0	0	0
1814	1939	0	0	0
1815	0	0	1086	853
1816	7	0	1366	566
1817	0	0	5	1934
1818	1344	577	0	18
1819	0	0	0	1939
1820	1939	0	0	0
1821	0	0	1754	185
1822	1939	0	0	0
1823	1937	2	0	0
1824	0	0	587	1352
1825	1937	1	1	0
1826	0	0	0	1939
1827	221	0	1293	425
1828	157	0	1781	1
1829	0	1939	0	0
1830	289	1643	1	6
1831	1938	1	0	0
1832	1939	0	0	0
1833	0	0	337	1602
1834	0	0	1920	19
1835	0	0	0	1939
1836	98	2	1438	401
1837	0	0	1939	0
1838	1939	0	0	0
1839	0	0	1743	196
1840	1933	3	2	1
1841	0	0	1	1938
1842	13	0	831	1095
1843	1	0	1936	2
1844	1	0	1938	0
1845	753	652	96	438
1846	1	1937	1	0
1847	1939	0	0	0
1848	1162	777	0	0
1849	0	1939	0	0
1850	0	0	6	1933
1851	41	3	1752	143
1852	0	4	0	1935
1853	0	1939	0	0
1854	0	0	1747	192
1855	4	0	301	1634
1856	0	0	1	1938
1857	452	1487	0	0
1858	1939	0	0	0
1859	1939	0	0	0
1860	1359	580	0	0
1861	0	0	0	1939
1862	0	1939	0	0
1863	0	1939	0	0
1864	1	1938	0	0
1865	1933	6	0	0
1866	781	1133	2	23
1867	2	0	1482	455
1868	1	0	2	1936
1869	1271	656	1	11
1870	1939	0	0	0
1871	0	0	1	1938
1872	1	1938	0	0
1873	0	1939	0	0
1874	1939	0	0	0
1875	0	0	457	1482
1876	31	1906	0	2
1877	1650	5	5	279
1878	1473	249	14	203
1879	29	1908	1	1
1880	1934	5	0	0
1881	20	12	793	1114
1882	0	0	0	1939
1883	1939	0	0	0
1884	0	0	709	1230
1885	81	0	1858	0
1886	1331	606	0	2
1887	277	1657	0	5
1888	1	1938	0	0
1889	2	1935	2	0
1890	1028	104	629	178
1891	1892	0	47	0
1892	0	1937	1	1
1893	845	1076	1	17
1894	1	0	1495	443
1895	0	0	0	1939
1896	109	1047	47	736
1897	0	0	0	1939
1898	0	1939	0	0
1899	0	0	400	1539
1900	1939	0	0	0
1901	1938	1	0	0
1902	0	0	484	1455
1903	0	0	1938	1
1904	0	0	1939	0
1905	74	13	760	1092
1906	143	0	1692	104
1907	19	0	4	1916
1908	105	1791	6	37
1909	1939	0	0	0
1910	1939	0	0	0
1911	0	0	603	1336
1912	0	1	1938	0
1913	0	0	1939	0
1914	710	905	273	51
1915	0	0	0	1939
1916	0	0	0	1939
1917	1	0	242	1696
1918	6	1933	0	0
1919	0	1	0	1938
1920	62	22	1779	76
1921	1937	1	0	1
1922	295	1639	5	0
1923	1	1	1107	830
1924	0	1	1937	1
1925	1937	1	1	0
1926	0	1	566	1372
1927	1936	2	1	0
1928	1899	40	0	0
1929	681	1258	0	0
1930	0	1939	0	0
1931	1664	275	0	0
1932	1201	733	3	2
1933	1903	27	9	0
1934	0	0	2	1937
1935	438	2	26	1473
1936	1	1938	0	0
1937	1935	3	1	0
1938	292	1232	43	372
1939	2	5	1	1931
1940	0	0	1936	3
1941	183	32	750	974
1942	37	1898	0	4
1943	0	0	5	1934
1944	1355	291	286	7
1945	1938	1	0	0
1946	1939	0	0	0
1947	1	0	1775	163
1948	1937	0	1	1
1949	1585	354	0	0
1950	0	0	74	1865
1951	6	1932	0	1
1952	0	0	1939	0
1953	66	47	259	1567
1954	69	1867	1	2
1955	1	0	1	1937
1956	383	1513	0	43
1957	45	1892	2	0
1958	1	0	1	1937
1959	1200	732	1	6
1960	1919	12	1	7
1961	0	0	7	1932
1962	10	1928	0	1
1963	0	0	1935	4
1964	6	0	1933	0
1965	1821	80	14	24
1966	11	1871	1	56
1967	0	0	1935	4
1968	54	29	964	892
1969	0	0	1939	0
1970	1939	0	0	0
1971	0	1	81	1857
1972	0	1939	0	0
1973	0	1939	0	0
1974	11	17	1020	891
1975	0	1	1938	0
1976	0	1	1938	0
1977	1629	226	44	40
1978	8	1913	0	18
1979	1	0	1911	27
1980	40	3	1540	356
1981	1938	1	0	0
1982	1932	6	0	1
1983	835	1103	0	1
1984	1922	17	0	0
1985	84	1838	14	3
1986	0	0	1714	225
1987	1929	8	1	1
1988	0	0	2	1937
1989	10	1928	0	1
1990	0	1939	0	0
1991	1939	0	0	0
1992	1624	315	0	0
1993	0	0	0	1939
1994	1938	0	0	1
1995	0	0	54	1885
1996	0	1939	0	0
1997	1939	0	0	0
1998	0	0	81	1858
1999	0	1939	0	0
2000	0	1	1938	0
2001	53	6	542	1338
2002	9	1930	0	0
2003	0	0	0	1939
2004	58	39	39	1803
2005	2	1935	0	2
2006	0	0	1939	0
2007	1056	371	172	340
2008	1939	0	0	0
2009	1	0	1938	0
2010	56	14	432	1437
2011	1939	0	0	0
2012	0	0	1939	0
2013	1606	207	16	110
2014	0	0	1939	0
2015	1939	0	0	0
2016	0	0	1079	860
2017	1	0	0	1938
2018	0	0	1937	2
2019	664	54	838	383
2020	0	0	1	1938
2021	0	1939	0	0
2022	0	1939	0	0
2023	1777	158	2	2
2024	0	3	25	1911
2025	29	3	706	1201
2026	0	0	1934	5
2027	0	1	1936	2
2028	257	9	504	1169
2029	1939	0	0	0
2030	1937	2	0	0
2031	558	1380	1	0
2032	1931	2	6	0
2033	1	1938	0	0
2034	341	1598	0	0
2035	1936	1	2	0
2036	1939	0	0	0
2037	1	0	1068	870
2038	3	0	1935	1
2039	0	1938	1	0
2040	50	35	760	1094
2041	0	0	0	1939
2042	0	0	1939	0
2043	30	2	1567	340
2044	1933	6	0	0
2045	0	0	0	1939
2046	28	0	351	1560
2047	0	0	1900	39
2048	0	0	0	1939
2049	43	51	1782	63
2050	1939	0	0	0
2051	1939	0	0	0
2052	0	1	780	1158
2053	1937	2	0	0
2054	4	0	1935	0
2055	775	142	873	149
2056	1937	1	1	0
2057	8	1929	2	0
2058	2	0	1690	247
2059	0	0	1939	0
2060	1939	0	0	0
2061	1805	134	0	0
2062	1911	0	28	0
2063	17	1922	0	0
2064	199	1740	0	0
2065	0	1939	0	0
2066	0	1939	0	0
2067	1707	224	2	6
2068	1921	18	0	0
2069	0	0	1	1938
2070	77	0	523	1339
2071	3	0	1935	1
2072	0	0	0	1939
2073	21	6	94	1818
2074	0	1939	0	0
2075	1938	1	0	0
2076	684	1255	0	0
2077	0	1939	0	0
2078	1939	0	0	0
2079	0	0	247	1692
2080	0	1939	0	0
2081	1938	1	0	0
2082	1511	428	0	0
2083	11	0	1928	0
2084	1928	10	0	1
2085	542	1390	0	7
2086	1939	0	0	0
2087	0	0	0	1939
2088	0	1938	0	1
2089	0	0	0	1939
2090	1939	0	0	0
2091	0	0	1218	721
2092	0	0	1939	0
2093	1936	1	1	1
2094	647	1292	0	0
2095	1938	1	0	0
2096	1921	18	0	0
2097	306	1632	1	0
2098	0	0	0	1939
2099	0	1939	0	0
2100	0	0	1718	221
2101	0	0	0	1939
2102	1	1938	0	0
2103	0	0	1825	114
2104	1927	6	3	3
2105	1621	301	14	3
2106	0	0	336	1603
2107	2	1	1803	133
2108	0	0	0	1939
2109	1687	230	9	13
2110	0	0	0	1939
2111	0	0	1	1938
2112	0	0	1604	335
2113	0	1937	2	0
2114	1934	4	0	1
2115	398	1541	0	0
2116	1937	1	1	0
2117	1928	9	2	0
2118	1662	275	0	2
2119	0	0	0	1939
2120	0	0	0	1939
2121	1	0	1544	394
2122	0	0	0	1939
2123	0	0	1	1938
2124	0	0	1804	135
2125	0	0	1939	0
2126	0	0	1939	0
2127	27	5	666	1241
2128	1939	0	0	0
2129	0	1939	0	0
2130	0	0	1332	607
2131	1938	1	0	0
2132	0	1939	0	0
2133	1	0	255	1683
2134	0	0	0	1939
2135	0	0	1939	0
2136	1751	177	7	4
2137	1	0	0	1938
2138	1939	0	0	0
2139	0	0	1527	412
2140	1683	0	256	0
2141	5	1934	0	0
2142	182	1757	0	0
2143	1926	2	11	0
2144	1	1936	0	2
2145	889	1050	0	0
2146	0	0	1938	1
2147	0	0	1939	0
2148	1225	675	8	31
2149	32	1907	0	0
2150	1	0	0	1938
2151	4	7	53	1875
2152	0	1939	0	0
2153	0	1939	0	0
2154	1678	258	1	2
2155	1937	1	1	0
2156	0	0	0	1939
2157	28	2	126	1783
2158	1	0	1	1937
2159	2	0	1936	1
2160	292	8	1257	382
2161	1939	0	0	0
2162	0	1937	0	2
2163	0	0	1730	209
2164	1938	0	0	1
2165	0	0	0	1939
2166	2	1937	0	0
2167	29	1907	0	3
2168	0	1	6	1932
2169	102	1813	0	24
2170	0	1939	0	0
2171	1939	0	0	0
2172	11	1925	0	3
2173	0	1939	0	0
2174	0	1	1938	0
2175	33	0	1877	29
2176	1939	0	0	0
2177	0	0	0	1939
2178	0	1939	0	0
2179	35	1899	0	5
2180	0	0	0	1939
2181	424	1113	6	396
2182	0	0	0	1939
2183	0	0	1937	2
2184	13	24	211	1691
2185	1897	0	42	0
2186	4	1935	0	0
2187	42	1897	0	0
2188	1	1938	0	0
2189	0	4	1934	1
2190	3	0	1904	32
2191	358	1	1579	1
2192	11	1926	0	2
2193	1482	390	14	53
2194	1938	0	1	0
2195	0	0	0	1939
2196	0	0	101	1838
2197	1	1937	0	1
2198	1939	0	0	0
2199	0	0	245	1694
2200	0	1939	0	0
2201	0	0	1939	0
2202	1223	408	296	12
2203	315	0	1624	0
2204	0	1939	0	0
2205	981	679	265	14
2206	1672	267	0	0
2207	0	0	0	1939
2208	5	0	219	1715
2209	1	1938	0	0
2210	1939	0	0	0
2211	7	1	1101	830
2212	0	0	2	1937
2213	1	0	2	1936
2214	1	0	1839	99
2215	0	1939	0	0
2216	1939	0	0	0
2217	993	945	0	1
2218	0	2	0	1937
2219	0	0	1939	0
2220	2	2	22	1913
2221	2	1937	0	0
2222	3	1936	0	0
2223	1857	52	15	15
2224	1163	0	776	0
2225	6	1932	0	1
2226	27	1912	0	0
2227	1931	8	0	0
2228	0	1	3	1935
2229	52	30	357	1500
2230	1934	5	0	0
2231	1912	24	2	1
2232	39	1892	0	8
2233	1929	9	1	0
2234	1924	14	1	0
2235	1436	499	2	2
2236	1	1938	0	0
2237	1931	7	0	1
2238	1403	520	2	14
2239	2	1937	0	0
2240	1937	1	1	0
2241	357	1559	2	21
2242	0	0	2	1937
2243	2	0	0	1937
2244	2	1	420	1516
2245	30	1617	0	292
2246	2	0	1933	4
2247	5	0	43	1891
2248	0	1939	0	0
2249	1938	1	0	0
2250	1	1936	0	2
2251	1939	0	0	0
2252	0	0	3	1936
2253	1	0	1934	4
2254	1903	17	2	17
2255	0	0	16	1923
2256	38	1901	0	0
2257	1939	0	0	0
2258	1929	9	1	0
2259	3	1936	0	0
2260	1939	0	0	0
2261	0	0	46	1893
2262	1	0	1937	1
2263	0	0	1	1938
2264	0	1939	0	0
2265	0	0	43	1896
2266	1	1	0	1937
2267	2	6	1922	9
2268	6	0	1925	8
2269	1936	2	0	1
2270	0	0	1939	0
2271	0	0	1939	0
2272	1939	0	0	0
2273	0	0	0	1939
2274	0	0	0	1939
2275	0	1938	0	1
2276	1939	0	0	0
2277	1936	3	0	0
2278	2	1937	0	0
2279	1924	15	0	0
2280	352	1555	13	19
2281	28	0	1803	108
2282	0	0	8	1931
2283	0	0	1931	8
2284	1902	35	2	0
2285	14	1925	0	0
2286	1939	0	0	0
2287	0	0	1939	0
2288	1	1938	0	0
2289	0	1939	0	0
2290	1	0	1938	0
2291	1921	5	12	1
2292	1382	547	7	3
2293	1918	12	9	0
2294	1900	39	0	0
2295	1533	370	6	30
2296	13	2	67	1857
2297	1903	32	3	1
2298	326	1612	0	1
2299	0	12	6	1921
2300	3	1936	0	0
2301	1936	3	0	0
2302	1931	8	0	0
2303	0	1	0	1938
2304	0	0	1	1938
2305	0	0	0	1939
2306	1630	204	4	101
2307	134	1804	1	0
2308	0	1	1937	1
2309	0	0	1	1938
2310	0	0	1	1938
2311	3	1936	0	0
2312	18	0	0	1921
2313	2	0	1860	77
2314	0	0	1938	1
2315	0	3	1	1935
2316	1	0	0	1938
2317	1	0	1921	17
2318	1826	113	0	0
2319	1	0	1	1937
2320	0	1937	2	0
2321	1939	0	0	0
2322	1935	3	1	0
2323	1936	2	1	0
2324	1939	0	0	0
2325	1939	0	0	0
2326	1938	0	1	0
2327	1	0	3	1935
2328	2	1937	0	0
2329	0	0	1939	0
2330	0	0	1939	0
2331	0	0	12	1927
2332	0	0	0	1939
2333	0	1939	0	0
2334	1	0	0	1938
2335	0	0	0	1939
2336	2	1	8	1928
2337	2	0	1936	1
2338	4	0	1	1934
2339	1933	2	0	4
2340	1	3	1933	2
2341	2	0	2	1935
